employee_id,name,department,role,salary,status
E-006-000,Employee 006-000,Finance,Manager,1120992,Probation
E-006-001,Employee 006-001,HR,Manager,1578511,Leave
E-006-002,Employee 006-002,HR,Manager,801573,Leave
E-006-003,Employee 006-003,Engineering,Executive,692039,Leave
E-006-004,Employee 006-004,Engineering,Executive,351430,Active
E-006-005,Employee 006-005,Sales,Analyst,685589,Active
E-006-006,Employee 006-006,Engineering,Manager,1875683,Leave
E-006-007,Employee 006-007,AI,Manager,1957129,Leave
E-006-008,Employee 006-008,AI,Analyst,2190465,Active
E-006-009,Employee 006-009,Sales,Engineer,2194275,Active
E-006-010,Employee 006-010,Finance,Executive,1900109,Probation
E-006-011,Employee 006-011,AI,Analyst,394251,Probation
E-006-012,Employee 006-012,Sales,Engineer,387795,Active
E-006-013,Employee 006-013,HR,Executive,1046897,Active
E-006-014,Employee 006-014,Engineering,Executive,608592,Leave
E-006-015,Employee 006-015,HR,Engineer,2024909,Leave
E-006-016,Employee 006-016,Sales,Executive,2175137,Probation
E-006-017,Employee 006-017,Finance,Engineer,2008745,Probation
E-006-018,Employee 006-018,Sales,Engineer,2011369,Probation
E-006-019,Employee 006-019,HR,Analyst,2150197,Active
E-006-020,Employee 006-020,AI,Engineer,628737,Active
E-006-021,Employee 006-021,Engineering,Executive,591860,Probation
E-006-022,Employee 006-022,Engineering,Engineer,1137249,Probation
E-006-023,Employee 006-023,Engineering,Manager,474306,Active
E-006-024,Employee 006-024,Engineering,Executive,1094614,Active
E-006-025,Employee 006-025,Sales,Engineer,2109723,Active
E-006-026,Employee 006-026,Engineering,Analyst,1929374,Probation
E-006-027,Employee 006-027,Finance,Engineer,416815,Probation
E-006-028,Employee 006-028,AI,Engineer,1099552,Leave
E-006-029,Employee 006-029,AI,Executive,861030,Probation
E-006-030,Employee 006-030,AI,Analyst,559977,Leave
E-006-031,Employee 006-031,Finance,Executive,1169306,Leave
E-006-032,Employee 006-032,Finance,Analyst,2058556,Leave
E-006-033,Employee 006-033,AI,Analyst,1913406,Active
E-006-034,Employee 006-034,HR,Manager,913291,Leave
E-006-035,Employee 006-035,Engineering,Analyst,899823,Active
E-006-036,Employee 006-036,AI,Manager,698995,Active
E-006-037,Employee 006-037,Sales,Manager,399212,Leave
E-006-038,Employee 006-038,Sales,Manager,1662463,Active
E-006-039,Employee 006-039,HR,Engineer,808091,Probation
E-006-040,Employee 006-040,Sales,Engineer,928668,Leave
E-006-041,Employee 006-041,Engineering,Manager,366443,Active
E-006-042,Employee 006-042,Finance,Executive,2014586,Active
E-006-043,Employee 006-043,HR,Analyst,1889845,Active
E-006-044,Employee 006-044,Engineering,Analyst,356389,Leave
E-006-045,Employee 006-045,AI,Analyst,1942939,Leave
E-006-046,Employee 006-046,Finance,Manager,368048,Active
E-006-047,Employee 006-047,Engineering,Engineer,1839124,Probation
E-006-048,Employee 006-048,Engineering,Engineer,1323660,Active
E-006-049,Employee 006-049,AI,Analyst,1169498,Leave
