customer_id,name,city,customer_type,annual_income,credit_score,account_status
CUST-6000,Customer 6000,Delhi,Retail,4265638,612,Active
CUST-6001,Customer 6001,Bengaluru,SME,2348820,828,Review
CUST-6002,Customer 6002,Mumbai,Corporate,3244383,662,Inactive
CUST-6003,Customer 6003,Hyderabad,Corporate,3328062,832,Active
CUST-6004,Customer 6004,Hyderabad,Corporate,4669489,686,Review
CUST-6005,Customer 6005,Chennai,SME,4473206,603,Inactive
CUST-6006,Customer 6006,Chennai,Retail,4328605,693,Active
CUST-6007,Customer 6007,Hyderabad,Corporate,4620422,668,Review
CUST-6008,Customer 6008,Hyderabad,Corporate,2018063,612,Active
CUST-6009,Customer 6009,Delhi,SME,550879,670,Review
CUST-6010,Customer 6010,Chennai,SME,4056439,608,Active
CUST-6011,Customer 6011,Pune,SME,2517428,692,Inactive
CUST-6012,Customer 6012,Hyderabad,Corporate,958781,580,Inactive
CUST-6013,Customer 6013,Mumbai,SME,4405359,559,Inactive
CUST-6014,Customer 6014,Bengaluru,SME,622584,664,Active
CUST-6015,Customer 6015,Chennai,Corporate,3866202,822,Inactive
CUST-6016,Customer 6016,Hyderabad,Retail,512614,827,Review
CUST-6017,Customer 6017,Pune,Retail,3070403,684,Active
CUST-6018,Customer 6018,Mumbai,Corporate,3110048,772,Review
CUST-6019,Customer 6019,Pune,SME,729145,605,Review
CUST-6020,Customer 6020,Mumbai,SME,2661040,823,Review
CUST-6021,Customer 6021,Bengaluru,SME,4602956,683,Inactive
CUST-6022,Customer 6022,Chennai,SME,2248392,617,Review
CUST-6023,Customer 6023,Bengaluru,Corporate,2551773,593,Inactive
CUST-6024,Customer 6024,Mumbai,Retail,3081426,842,Review
CUST-6025,Customer 6025,Hyderabad,Corporate,2550742,735,Inactive
CUST-6026,Customer 6026,Hyderabad,Corporate,353508,613,Review
CUST-6027,Customer 6027,Bengaluru,SME,2942654,685,Inactive
CUST-6028,Customer 6028,Chennai,SME,394843,775,Active
CUST-6029,Customer 6029,Delhi,Corporate,3259192,795,Active
CUST-6030,Customer 6030,Pune,Retail,3677676,579,Inactive
CUST-6031,Customer 6031,Chennai,SME,4875880,710,Active
CUST-6032,Customer 6032,Hyderabad,SME,2414319,691,Active
CUST-6033,Customer 6033,Bengaluru,Corporate,2157728,639,Review
CUST-6034,Customer 6034,Chennai,Corporate,665904,669,Active
CUST-6035,Customer 6035,Mumbai,Corporate,1795647,809,Inactive
CUST-6036,Customer 6036,Delhi,Retail,601948,833,Active
CUST-6037,Customer 6037,Chennai,Corporate,2423108,681,Inactive
CUST-6038,Customer 6038,Pune,Retail,4783550,572,Inactive
CUST-6039,Customer 6039,Pune,SME,1165729,589,Active
CUST-6040,Customer 6040,Bengaluru,Retail,4536876,589,Inactive
CUST-6041,Customer 6041,Chennai,Corporate,3365188,762,Inactive
CUST-6042,Customer 6042,Chennai,SME,2624684,623,Review
CUST-6043,Customer 6043,Mumbai,Corporate,3272305,721,Inactive
CUST-6044,Customer 6044,Pune,Retail,4198392,700,Active
CUST-6045,Customer 6045,Hyderabad,Retail,3339540,572,Review
CUST-6046,Customer 6046,Pune,Retail,464205,604,Inactive
CUST-6047,Customer 6047,Pune,Corporate,4534868,810,Inactive
CUST-6048,Customer 6048,Pune,Retail,2052449,743,Review
CUST-6049,Customer 6049,Delhi,Retail,1508917,745,Active
